Index;MODEL;RMSD_LB;RMSD_UB;SCORE;SDFMoleculeName;SMILES;TORSDO
0;1.0;0.0;0.0;-5.3;CHEMBL1326498;CC1=C(CCOC(=O)C23CC4CC(CC(C4)C2)C3)SC=N1;F 5
0;1.0;0.0;0.0;-5.3;CHEMBL1625135;CC1=C(CCOC(=O)C2C3CC4CC(C3)CC2C4)SC=N1;F 5
0;1.0;0.0;0.0;-5.2;CHEMBL3480938;CC1=CC(N2CCN(C(=O)CCC3=C(C)N=CS3)CC2)=CC(C)=N1;F 4
0;1.0;0.0;0.0;-5.1;CHEMBL2172683;CC1=C(CCN2C=C(C3=CC=CC=C3)N=N2)SC=N1;F 4
0;1.0;0.0;0.0;-5.1;CHEMBL3477154;[H]OC1=CC=CC(O[H])=C1C(=O)N(C)CCC1=C(C)N=CS1;F 6
1;2.0;0.972;2.104;-5.1;CHEMBL1625135;CC1=C(CCOC(=O)C2C3CC4CC(C3)CC2C4)SC=N1;F 5
1;2.0;3.111;9.891;-5.1;CHEMBL3480938;CC1=CC(N2CCN(C(=O)CCC3=C(C)N=CS3)CC2)=CC(C)=N1;F 4
2;3.0;2.624;4.043;-5.0;CHEMBL3480938;CC1=CC(N2CCN(C(=O)CCC3=C(C)N=CS3)CC2)=CC(C)=N1;F 4
0;1.0;0.0;0.0;-4.9;CHEMBL1419411;CC1=C(CCOC(=O)C2=CC=C(Cl)C=C2)SC=N1;F 5
1;2.0;2.01;2.62;-4.9;CHEMBL1326498;CC1=C(CCOC(=O)C23CC4CC(CC(C4)C2)C3)SC=N1;F 5
2;3.0;2.715;3.433;-4.9;CHEMBL1625135;CC1=C(CCOC(=O)C2C3CC4CC(C3)CC2C4)SC=N1;F 5
3;4.0;2.885;9.379;-4.9;CHEMBL3480938;CC1=CC(N2CCN(C(=O)CCC3=C(C)N=CS3)CC2)=CC(C)=N1;F 4
4;5.0;3.273;5.571;-4.9;CHEMBL3480938;CC1=CC(N2CCN(C(=O)CCC3=C(C)N=CS3)CC2)=CC(C)=N1;F 4
0;1.0;0.0;0.0;-4.8;CHEMBL1617558;CC1=C(CCOC(=O)C2=CC=CC=C2)SC=N1;F 5
0;1.0;0.0;0.0;-4.8;CHEMBL1625376;CC1=C(CCOC(=O)C2=CC=C(N(=O)=O)C=C2)SC=N1;F 6
0;1.0;0.0;0.0;-4.8;CHEMBL3483821;[H]OC1=CC=CN=C1C(=O)N(C)CCC1=C(C)N=CS1;F 5
2;3.0;1.565;2.355;-4.8;CHEMBL1326498;CC1=C(CCOC(=O)C23CC4CC(CC(C4)C2)C3)SC=N1;F 5
0;1.0;0.0;0.0;-4.7;CHEMBL1438876;[H]OC1=NN=C(SCCC2=C(C)N=CS2)N1C1=CC=CC=C1;F 6
0;1.0;0.0;0.0;-4.7;CHEMBL1740596;CC1=C(CCOC(=O)C2=CN=CC=C2)SC=N1;F 5
0;1.0;0.0;0.0;-4.7;CHEMBL4564232;[H]N(CCN1([H])CCCC1)C(=O)CCC1=C(C)N=CS1;F 6
1;2.0;3.812;8.514;-4.7;CHEMBL3477154;[H]OC1=CC=CC(O[H])=C1C(=O)N(C)CCC1=C(C)N=CS1;F 6
3;4.0;2.953;7.718;-4.7;CHEMBL1625135;CC1=C(CCOC(=O)C2C3CC4CC(C3)CC2C4)SC=N1;F 5
0;1.0;0.0;0.0;-4.6;CHEMBL3483991;[H]N(CC1=CSC(N(C)C)=N1)C(=O)CCC1=C(C)N=CS1;F 5
0;1.0;0.0;0.0;-4.6;CHEMBL4576460;[H]N(CCC1=C(C)N=CS1)C(=O)C(C(C)(C)C)N([H])([H])[H];F 6
1;2.0;1.67;2.231;-4.6;CHEMBL3483821;[H]OC1=CC=CN=C1C(=O)N(C)CCC1=C(C)N=CS1;F 5
3;4.0;2.18;3.199;-4.6;CHEMBL1326498;CC1=C(CCOC(=O)C23CC4CC(CC(C4)C2)C3)SC=N1;F 5
0;1.0;0.0;0.0;-4.5;CHEMBL4516779;[H]OC1=NC=C(C(=O)N(C)CCC2=C(C)N=CS2)N=C1;F 5
0;1.0;0.0;0.0;-4.5;CHEMBL4575169;[H]N1C=C(C(=O)N([H])CCCC2=C(C)N=CS2)C=N1;F 5
1;2.0;2.111;2.569;-4.5;CHEMBL4575169;[H]N1C=C(C(=O)N([H])CCCC2=C(C)N=CS2)C=N1;F 5
1;2.0;3.331;8.395;-4.5;CHEMBL1625376;CC1=C(CCOC(=O)C2=CC=C(N(=O)=O)C=C2)SC=N1;F 6
4;5.0;4.059;4.791;-4.5;CHEMBL1326498;CC1=C(CCOC(=O)C23CC4CC(CC(C4)C2)C3)SC=N1;F 5
5;6.0;2.942;8.287;-4.5;CHEMBL3480938;CC1=CC(N2CCN(C(=O)CCC3=C(C)N=CS3)CC2)=CC(C)=N1;F 4
0;1.0;0.0;0.0;-4.4;CHEMBL3454460;[H]N(C)(CCC1=C(C)N=CS1)CC1=CC=C(Br)O1;F 5
0;1.0;0.0;0.0;-4.4;CHEMBL3475809;[H]OCC1=CC=C(CN([H])(C)CCC2=C(C)N=CS2)O1;F 7
0;1.0;0.0;0.0;-4.4;CHEMBL4525811;[H]OC1CCC(C(=O)N(C)CCC2=C(C)N=CS2)CC1;F 5
0;1.0;0.0;0.0;-4.4;CHEMBL4550384;[H]N(CCCC1=C(C)N=CS1)C(=O)C1=NC=CN=C1;F 5
1;2.0;3.353;7.674;-4.4;CHEMBL4516779;[H]OC1=NC=C(C(=O)N(C)CCC2=C(C)N=CS2)N=C1;F 5
1;2.0;5.678;8.584;-4.4;CHEMBL1438876;[H]OC1=NN=C(SCCC2=C(C)N=CS2)N1C1=CC=CC=C1;F 6
2;3.0;1.699;2.323;-4.4;CHEMBL1625376;CC1=C(CCOC(=O)C2=CC=C(N(=O)=O)C=C2)SC=N1;F 6
5;6.0;1.476;2.473;-4.4;CHEMBL1326498;CC1=C(CCOC(=O)C23CC4CC(CC(C4)C2)C3)SC=N1;F 5
0;1.0;0.0;0.0;-4.3;CHEMBL4593083;[H]N(CCCC1=C(C)N=CS1)C(=O)CN([H])C(=O)N(C)C;F 6
1;2.0;1.553;2.124;-4.3;CHEMBL4550384;[H]N(CCCC1=C(C)N=CS1)C(=O)C1=CN=CC=N1;F 5
1;2.0;1.569;1.793;-4.3;CHEMBL4525811;[H]OC1CCC(C(=O)N(C)CCC2=C(C)N=CS2)CC1;F 5
1;2.0;3.779;7.235;-4.3;CHEMBL3475809;[H]OCC1=CC=C(CN([H])(C)CCC2=C(C)N=CS2)O1;F 7
1;2.0;4.946;6.994;-4.3;CHEMBL1617558;CC1=C(CCOC(=O)C2=CC=CC=C2)SC=N1;F 5
2;3.0;4.247;6.925;-4.3;CHEMBL1438876;[H]OC1=NN=C(SCCC2=C(C)N=CS2)N1C1=CC=CC=C1;F 6
2;3.0;6.026;7.858;-4.3;CHEMBL3477154;[H]OC1=CC=CC(O[H])=C1C(=O)N(C)CCC1=C(C)N=CS1;F 6
4;5.0;3.242;7.829;-4.3;CHEMBL1625135;CC1=C(CCOC(=O)C2C3CC4CC(C3)CC2C4)SC=N1;F 5
6;7.0;4.467;6.54;-4.3;CHEMBL1326498;CC1=C(CCOC(=O)C23CC4CC(CC(C4)C2)C3)SC=N1;F 5
0;1.0;0.0;0.0;-4.2;CHEMBL4539956;[H]N(CCC1=C(C)N=CS1)C(=O)C(C(C)C)N([H])([H])C;F 6
0;1.0;0.0;0.0;-4.2;CHEMBL4560094;[H]OC(CCSC)C(=O)N([H])CCC1=C(C)N=CS1;F 8
1;2.0;2.794;8.176;-4.2;CHEMBL4564232;[H]N(CCN1([H])CCCC1)C(=O)CCC1=C(C)N=CS1;F 6
2;3.0;2.324;3.052;-4.2;CHEMBL3483821;[H]OC1=C(C(=O)N(C)CCC2=C(C)N=CS2)N=CC=C1;F 5
2;3.0;4.59;8.023;-4.2;CHEMBL4564232;[H]N(CCN1([H])CCCC1)C(=O)CCC1=C(C)N=CS1;F 6
3;4.0;2.537;3.149;-4.2;CHEMBL1625376;CC1=C(CCOC(=O)C2=CC=C(N(=O)=O)C=C2)SC=N1;F 6
3;4.0;4.86;7.699;-4.2;CHEMBL1438876;[H]OC1=NN=C(SCCC2=C(C)N=CS2)N1C1=CC=CC=C1;F 6
4;5.0;4.032;6.769;-4.2;CHEMBL1438876;[H]OC1=NN=C(SCCC2=C(C)N=CS2)N1C1=CC=CC=C1;F 6
6;7.0;3.036;4.869;-4.2;CHEMBL3480938;CC1=CC(N2CCN(C(=O)CCC3=C(C)N=CS3)CC2)=CC(C)=N1;F 4
0;1.0;0.0;0.0;-4.1;CHEMBL4570627;CC1=C(CCN(C)C(=O)C2=NON=C2)SC=N1;F 4
1;2.0;1.986;2.199;-4.1;CHEMBL4539956;[H]N(CCC1=C(C)N=CS1)C(=O)C(C(C)C)N([H])([H])C;F 6
1;2.0;2.887;3.766;-4.1;CHEMBL3483991;[H]N(CC1=CSC(N(C)C)=N1)C(=O)CCC1=C(C)N=CS1;F 5
1;2.0;2.992;7.963;-4.1;CHEMBL2172683;CC1=C(CCN2C=C(C3=CC=CC=C3)N=N2)SC=N1;F 4
2;3.0;2.059;2.423;-4.1;CHEMBL4516779;[H]OC1=NC=C(C(=O)N(C)CCC2=C(C)N=CS2)N=C1;F 5
3;4.0;4.609;6.078;-4.1;CHEMBL3477154;[H]OC1=CC=CC(O[H])=C1C(=O)N(C)CCC1=C(C)N=CS1;F 6
7;8.0;3.9;5.344;-4.1;CHEMBL3480938;CC1=CC(N2CCN(C(=O)CCC3=C(C)N=CS3)CC2)=CC(C)=N1;F 4
8;9.0;2.986;4.656;-4.1;CHEMBL3480938;CC1=CC(N2CCN(C(=O)CCC3=C(C)N=CS3)CC2)=CC(C)=N1;F 4
0;1.0;0.0;0.0;-4.0;CHEMBL3478166;[H]N(C)(CCC1=C(C)N=CS1)CC1=C(C)C=CS1;F 5
0;1.0;0.0;0.0;-4.0;CHEMBL3752078;CCCCCCCOCCC1=C(C)N=CS1;F 9
1;2.0;2.11;6.905;-4.0;CHEMBL1740596;CC1=C(CCOC(=O)C2=CN=CC=C2)SC=N1;F 5
1;2.0;2.288;2.77;-4.0;CHEMBL4576460;[H]N(CCC1=C(C)N=CS1)C(=O)C(C(C)(C)C)N([H])([H])[H];F 6
2;3.0;2.703;3.71;-4.0;CHEMBL4575169;[H]N1C=C(C(=O)N([H])CCCC2=C(C)N=CS2)C=N1;F 5
2;3.0;5.693;6.796;-4.0;CHEMBL1617558;CC1=C(CCOC(=O)C2=CC=CC=C2)SC=N1;F 5
3;4.0;1.795;2.436;-4.0;CHEMBL4516779;[H]OC1=NC=C(C(=O)N(C)CCC2=C(C)N=CS2)N=C1;F 5
3;4.0;3.878;5.01;-4.0;CHEMBL1617558;CC1=C(CCOC(=O)C2=CC=CC=C2)SC=N1;F 5
4;5.0;1.523;2.207;-4.0;CHEMBL4516779;[H]OC1=NC=C(C(=O)N(C)CCC2=C(C)N=CS2)N=C1;F 5
4;5.0;3.252;7.21;-4.0;CHEMBL3477154;[H]OC1=CC=CC(O[H])=C1C(=O)N(C)CCC1=C(C)N=CS1;F 6
5;6.0;3.095;7.434;-4.0;CHEMBL1625135;CC1=C(CCOC(=O)C2C3CC4CC(C3)CC2C4)SC=N1;F 5
6;7.0;1.425;2.389;-4.0;CHEMBL1625135;CC1=C(CCOC(=O)C2C3CC4CC(C3)CC2C4)SC=N1;F 5
7;8.0;1.879;2.982;-4.0;CHEMBL1326498;CC1=C(CCOC(=O)C23CC4CC(CC(C4)C2)C3)SC=N1;F 5
1;2.0;1.776;2.458;-3.9;CHEMBL3478166;[H]N(C)(CCC1=C(C)N=CS1)CC1=C(C)C=CS1;F 5
1;2.0;3.351;7.038;-3.9;CHEMBL4570627;CC1=C(CCN(C)C(=O)C2=NON=C2)SC=N1;F 4
1;2.0;7.157;9.304;-3.9;CHEMBL4560094;[H]OC(CCSC)C(=O)N([H])CCC1=C(C)N=CS1;F 8
2;3.0;1.771;2.669;-3.9;CHEMBL4576460;[H]N(CCC1=C(C)N=CS1)C(=O)C(C(C)(C)C)N([H])([H])[H];F 6
2;3.0;3.041;7.787;-3.9;CHEMBL4525811;[H]OC1CCC(C(=O)N(C)CCC2=C(C)N=CS2)CC1;F 5
2;3.0;4.452;7.173;-3.9;CHEMBL4539956;[H]N(CCC1=C(C)N=CS1)C(=O)C(C(C)C)N([H])([H])C;F 6
3;4.0;2.138;2.694;-3.9;CHEMBL4564232;[H]N(CCN1([H])CCCC1)C(=O)CCC1=C(C)N=CS1;F 6
4;5.0;3.275;8.076;-3.9;CHEMBL1625376;CC1=C(CCOC(=O)C2=CC=C(N(=O)=O)C=C2)SC=N1;F 6
5;6.0;3.518;5.129;-3.9;CHEMBL1438876;[H]OC1=NN=C(SCCC2=C(C)N=CS2)N1C1=CC=CC=C1;F 6
0;1.0;0.0;0.0;-3.8;CHEMBL3228123;[H]OCCC1=C(C(F)(F)F)N=CS1;F 4
0;1.0;0.0;0.0;-3.8;CHEMBL365225;[H]OCCC1=C(C(=O)N([H])C2=NC=CS2)N=CS1;F 4
1;2.0;2.239;5.646;-3.8;CHEMBL365225;[H]OCCC1=C(C(=O)N([H])C2=NC=CS2)N=CS1;F 4
2;3.0;3.174;4.337;-3.8;CHEMBL4560094;[H]OC(CCSC)C(=O)N([H])CCC1=C(C)N=CS1;F 8
3;4.0;5.024;7.182;-3.8;CHEMBL4539956;[H]N(CCC1=C(C)N=CS1)C(=O)C(C(C)C)N([H])([H])C;F 6
3;4.0;5.532;8.578;-3.8;CHEMBL3483821;[H]OC1=CC=CN=C1C(=O)N(C)CCC1=C(C)N=CS1;F 5
5;6.0;7.28;9.688;-3.8;CHEMBL3477154;[H]OC1=CC=CC(O[H])=C1C(=O)N(C)CCC1=C(C)N=CS1;F 6
6;7.0;3.588;6.681;-3.8;CHEMBL1438876;[H]OC1=NN=C(SCCC2=C(C)N=CS2)N1C1=CC=CC=C1;F 6
7;8.0;3.412;4.305;-3.8;CHEMBL1625135;CC1=C(CCOC(=O)C2C3CC4CC(C3)CC2C4)SC=N1;F 5
7;8.0;3.69;6.002;-3.8;CHEMBL1438876;[H]OC1=NN=C(SCCC2=C(C)N=CS2)N1C1=CC=CC=C1;F 6
8;9.0;2.296;3.22;-3.8;CHEMBL1326498;CC1=C(CCOC(=O)C23CC4CC(CC(C4)C2)C3)SC=N1;F 5
1;2.0;2.358;2.964;-3.7;CHEMBL3228123;[H]OCCC1=C(C(F)(F)F)N=CS1;F 4
1;2.0;5.249;7.819;-3.7;CHEMBL1419411;CC1=C(CCOC(=O)C2=CC=C(Cl)C=C2)SC=N1;F 5
1;2.0;5.504;6.971;-3.7;CHEMBL4593083;[H]N(CCCC1=C(C)N=CS1)C(=O)CN([H])C(=O)N(C)C;F 6
2;3.0;2.075;6.727;-3.7;CHEMBL3478166;[H]N(C)(CCC1=C(C)N=CS1)CC1=C(C)C=CS1;F 5
2;3.0;2.349;2.952;-3.7;CHEMBL3483991;[H]N(CC1=CSC(N(C)C)=N1)C(=O)CCC1=C(C)N=CS1;F 5
2;3.0;3.255;8.032;-3.7;CHEMBL4550384;[H]N(CCCC1=C(C)N=CS1)C(=O)C1=CN=CC=N1;F 5
2;3.0;3.648;7.31;-3.7;CHEMBL3475809;[H]OCC1=CC=C(CN([H])(C)CCC2=C(C)N=CS2)O1;F 7
2;3.0;4.388;6.119;-3.7;CHEMBL1740596;CC1=C(CCOC(=O)C2=CN=CC=C2)SC=N1;F 5
2;3.0;6.0;7.905;-3.7;CHEMBL4570627;CC1=C(CCN(C)C(=O)C2=NON=C2)SC=N1;F 4
3;4.0;3.542;8.229;-3.7;CHEMBL4560094;[H]OC(CCSC)C(=O)N([H])CCC1=C(C)N=CS1;F 8
4;5.0;4.394;5.491;-3.7;CHEMBL1617558;CC1=C(CCOC(=O)C2=CC=CC=C2)SC=N1;F 5
4;5.0;4.75;7.095;-3.7;CHEMBL3483821;[H]OC1=C(C(=O)N(C)CCC2=C(C)N=CS2)N=CC=C1;F 5
5;6.0;3.919;6.423;-3.7;CHEMBL1617558;CC1=C(CCOC(=O)C2=CC=CC=C2)SC=N1;F 5
5;6.0;3.993;8.63;-3.7;CHEMBL3483821;[H]OC1=C(C(=O)N(C)CCC2=C(C)N=CS2)N=CC=C1;F 5
6;7.0;6.471;8.973;-3.7;CHEMBL3477154;[H]OC1=CC=CC(O[H])=C1C(=O)N(C)CCC1=C(C)N=CS1;F 6
0;1.0;0.0;0.0;-3.6;CHEMBL3478212;CCN(CCOC)C(=O)CCC1=C(C)N=CS1;F 7
2;3.0;4.118;5.069;-3.6;CHEMBL365225;[H]OCCC1=C(C(=O)N([H])C2=NC=CS2)N=CS1;F 4
3;4.0;1.925;2.2;-3.6;CHEMBL4550384;[H]N(CCCC1=C(C)N=CS1)C(=O)C1=CN=CC=N1;F 5
3;4.0;2.532;3.216;-3.6;CHEMBL1740596;CC1=C(CCOC(=O)C2=CN=CC=C2)SC=N1;F 5
3;4.0;5.916;10.724;-3.6;CHEMBL4576460;[H]N(CCC1=C(C)N=CS1)C(=O)C(C(C)(C)C)N([H])([H])[H];F 6
4;5.0;2.269;2.506;-3.6;CHEMBL4550384;[H]N(CCCC1=C(C)N=CS1)C(=O)C1=NC=CN=C1;F 5
5;6.0;3.571;7.609;-3.6;CHEMBL1625376;CC1=C(CCOC(=O)C2=CC=C(N(=O)=O)C=C2)SC=N1;F 6
5;6.0;3.836;5.176;-3.6;CHEMBL4516779;[H]OC1=NC=C(C(=O)N(C)CCC2=C(C)N=CS2)N=C1;F 5
7;8.0;5.945;7.159;-3.6;CHEMBL3477154;[H]OC1=CC=CC(O[H])=C1C(=O)N(C)CCC1=C(C)N=CS1;F 6
8;9.0;2.557;3.816;-3.6;CHEMBL1625135;CC1=C(CCOC(=O)C2C3CC4CC(C3)CC2C4)SC=N1;F 5
8;9.0;3.182;4.817;-3.6;CHEMBL3477154;[H]OC1=CC=CC(O[H])=C1C(=O)N(C)CCC1=C(C)N=CS1;F 6
8;9.0;3.414;5.226;-3.6;CHEMBL1438876;[H]OC1=NN=C(SCCC2=C(C)N=CS2)N1C1=CC=CC=C1;F 6
1;2.0;3.57;6.781;-3.5;CHEMBL3478212;CCN(CCOC)C(=O)CCC1=C(C)N=CS1;F 7
2;3.0;2.662;3.595;-3.5;CHEMBL3228123;[H]OCCC1=C(C(F)(F)F)N=CS1;F 4
2;3.0;4.858;6.223;-3.5;CHEMBL1419411;CC1=C(CCOC(=O)C2=CC=C(Cl)C=C2)SC=N1;F 5
2;3.0;5.197;9.644;-3.5;CHEMBL4593083;[H]N(CCCC1=C(C)N=CS1)C(=O)CN([H])C(=O)N(C)C;F 6
3;4.0;5.274;8.219;-3.5;CHEMBL4570627;CC1=C(CCN(C)C(=O)C2=NON=C2)SC=N1;F 4
4;5.0;2.433;3.198;-3.5;CHEMBL1740596;CC1=C(CCOC(=O)C2=CN=CC=C2)SC=N1;F 5
4;5.0;2.662;7.348;-3.5;CHEMBL4539956;[H]N(CCC1=C(C)N=CS1)C(=O)C(C(C)C)N([H])([H])C;F 6
4;5.0;3.539;6.459;-3.5;CHEMBL4564232;[H]N(CCN1([H])CCCC1)C(=O)CCC1=C(C)N=CS1;F 6
5;6.0;3.925;6.934;-3.5;CHEMBL4564232;[H]N(CCN1([H])CCCC1)C(=O)CCC1=C(C)N=CS1;F 6
6;7.0;4.606;5.653;-3.5;CHEMBL1617558;CC1=C(CCOC(=O)C2=CC=CC=C2)SC=N1;F 5
6;7.0;4.893;7.089;-3.5;CHEMBL3483821;[H]OC1=C(C(=O)N(C)CCC2=C(C)N=CS2)N=CC=C1;F 5
0;1.0;0.0;0.0;-3.4;CHEMBL2172682;CC1=C(CCN2C=CN=N2)SC=N1;F 3
0;1.0;0.0;0.0;-3.4;CHEMBL3228122;[H]OCCC1=C(C)N=C(F)S1;F 3
1;2.0;4.635;7.713;-3.4;CHEMBL3454460;[H]N(C)(CCC1=C(C)N=CS1)CC1=CC=C(Br)O1;F 5
2;3.0;3.411;7.894;-3.4;CHEMBL2172683;CC1=C(CCN2C=C(C3=CC=CC=C3)N=N2)SC=N1;F 4
3;4.0;1.802;2.931;-3.4;CHEMBL365225;[H]OCCC1=C(C(=O)N([H])C2=NC=CS2)N=CS1;F 4
3;4.0;2.457;7.54;-3.4;CHEMBL3483991;[H]N(CC1=CSC(N(C)C)=N1)C(=O)CCC1=C(C)N=CS1;F 5
3;4.0;3.764;4.739;-3.4;CHEMBL3228123;[H]OCCC1=C(C(F)(F)F)N=CS1;F 4
3;4.0;4.803;8.68;-3.4;CHEMBL4575169;[H]N1C=C(C(=O)N([H])CCCC2=C(C)N=CS2)C=N1;F 5
4;5.0;2.191;8.186;-3.4;CHEMBL3483991;[H]N(CC1=CSC(N(C)C)=N1)C(=O)CCC1=C(C)N=CS1;F 5
4;5.0;4.253;6.249;-3.4;CHEMBL365225;[H]OCCC1=C(C(=O)N([H])C2=NC=CS2)N=CS1;F 4
4;5.0;4.921;6.532;-3.4;CHEMBL4576460;[H]N(CCC1=C(C)N=CS1)C(=O)C(C(C)(C)C)N([H])([H])[H];F 6
5;6.0;5.424;9.224;-3.4;CHEMBL1740596;CC1=C(CCOC(=O)C2=CN=CC=C2)SC=N1;F 5
6;7.0;2.157;3.092;-3.4;CHEMBL4516779;[H]OC1=NC=C(C(=O)N(C)CCC2=C(C)N=CS2)N=C1;F 5
6;7.0;3.439;8.188;-3.4;CHEMBL1625376;CC1=C(CCOC(=O)C2=CC=C(N(=O)=O)C=C2)SC=N1;F 6
7;8.0;4.121;8.656;-3.4;CHEMBL3483821;[H]OC1=CC=CN=C1C(=O)N(C)CCC1=C(C)N=CS1;F 5
0;1.0;0.0;0.0;-3.3;CHEMBL3236173;CC1=C(CCN=N=N)SC=N1;F 3
1;2.0;2.373;3.792;-3.3;CHEMBL3752078;CCCCCCCOCCC1=C(C)N=CS1;F 9
2;3.0;5.254;6.826;-3.3;CHEMBL3752078;CCCCCCCOCCC1=C(C)N=CS1;F 9
3;4.0;3.994;6.976;-3.3;CHEMBL3475809;[H]OCC1=CC=C(CN([H])(C)CCC2=C(C)N=CS2)O1;F 7
3;4.0;5.249;8.053;-3.3;CHEMBL2172683;CC1=C(CCN2C=C(C3=CC=CC=C3)N=N2)SC=N1;F 4
3;4.0;6.211;9.532;-3.3;CHEMBL1419411;CC1=C(CCOC(=O)C2=CC=C(Cl)C=C2)SC=N1;F 5
3;4.0;7.299;11.64;-3.3;CHEMBL4593083;[H]N(CCCC1=C(C)N=CS1)C(=O)CN([H])C(=O)N(C)C;F 6
4;5.0;2.968;7.186;-3.3;CHEMBL4575169;[H]N1C=C(C(=O)N([H])CCCC2=C(C)N=CS2)C=N1;F 5
4;5.0;4.921;9.115;-3.3;CHEMBL4570627;CC1=C(CCN(C)C(=O)C2=NON=C2)SC=N1;F 4
5;6.0;2.779;3.22;-3.3;CHEMBL4550384;[H]N(CCCC1=C(C)N=CS1)C(=O)C1=NC=CN=C1;F 5
5;6.0;2.956;3.722;-3.3;CHEMBL3483991;[H]N(CC1=CSC(N(C)C)=N1)C(=O)CCC1=C(C)N=CS1;F 5
5;6.0;4.856;6.703;-3.3;CHEMBL4570627;CC1=C(CCN(C)C(=O)C2=NON=C2)SC=N1;F 4
5;6.0;5.04;7.153;-3.3;CHEMBL4576460;[H]N(CCC1=C(C)N=CS1)C(=O)C(C(C)(C)C)N([H])([H])[H];F 6
6;7.0;3.119;7.104;-3.3;CHEMBL4564232;[H]N(CCN1([H])CCCC1)C(=O)CCC1=C(C)N=CS1;F 6
6;7.0;5.192;7.417;-3.3;CHEMBL1740596;CC1=C(CCOC(=O)C2=CN=CC=C2)SC=N1;F 5
7;8.0;3.549;4.404;-3.3;CHEMBL1740596;CC1=C(CCOC(=O)C2=CN=CC=C2)SC=N1;F 5
1;2.0;2.638;4.279;-3.2;CHEMBL3236173;CC1=C(CCN=N=N)SC=N1;F 3
1;2.0;4.664;7.622;-3.2;CHEMBL2172682;CC1=C(CCN2C=CN=N2)SC=N1;F 3
2;3.0;3.131;5.44;-3.2;CHEMBL2172682;CC1=C(CCN2C=CN=N2)SC=N1;F 3
2;3.0;5.171;7.497;-3.2;CHEMBL3454460;[H]N(C)(CCC1=C(C)N=CS1)CC1=CC=C(Br)O1;F 5
3;4.0;2.53;6.35;-3.2;CHEMBL3478166;[H]N(C)(CCC1=C(C)N=CS1)CC1=C(C)C=CS1;F 5
3;4.0;4.342;7.281;-3.2;CHEMBL3454460;[H]N(C)(CCC1=C(C)N=CS1)CC1=CC=C(Br)O1;F 5
3;4.0;5.606;6.69;-3.2;CHEMBL3752078;CCCCCCCOCCC1=C(C)N=CS1;F 9
4;5.0;3.283;8.009;-3.2;CHEMBL4560094;[H]OC(CCSC)C(=O)N([H])CCC1=C(C)N=CS1;F 8
4;5.0;3.364;6.677;-3.2;CHEMBL3475809;[H]OCC1=CC=C(CN([H])(C)CCC2=C(C)N=CS2)O1;F 7
5;6.0;3.689;7.326;-3.2;CHEMBL4575169;[H]N1C=C(C(=O)N([H])CCCC2=C(C)N=CS2)C=N1;F 5
6;7.0;2.865;3.723;-3.2;CHEMBL4550384;[H]N(CCCC1=C(C)N=CS1)C(=O)C1=CN=CC=N1;F 5
6;7.0;5.035;8.519;-3.2;CHEMBL3483991;[H]N(CC1=CSC(N(C)C)=N1)C(=O)CCC1=C(C)N=CS1;F 5
6;7.0;5.135;8.363;-3.2;CHEMBL4570627;CC1=C(CCN(C)C(=O)C2=NON=C2)SC=N1;F 4
6;7.0;5.161;6.145;-3.2;CHEMBL4576460;[H]N(CCC1=C(C)N=CS1)C(=O)C(C(C)(C)C)N([H])([H])[H];F 6
7;8.0;3.408;3.982;-3.2;CHEMBL4550384;[H]N(CCCC1=C(C)N=CS1)C(=O)C1=CN=CC=N1;F 5
7;8.0;4.702;7.019;-3.2;CHEMBL4516779;[H]OC1=NC=C(C(=O)N(C)CCC2=C(C)N=CS2)N=C1;F 5
7;8.0;4.893;5.922;-3.2;CHEMBL4564232;[H]N(CCN1([H])CCCC1)C(=O)CCC1=C(C)N=CS1;F 6
8;9.0;3.698;5.066;-3.2;CHEMBL4564232;[H]N(CCN1([H])CCCC1)C(=O)CCC1=C(C)N=CS1;F 6
8;9.0;5.441;8.204;-3.2;CHEMBL3483821;[H]OC1=C(C(=O)N(C)CCC2=C(C)N=CS2)N=CC=C1;F 5
0;1.0;0.0;0.0;-3.1;CHEMBL2021610;CC1=C(CCON(=O)=O)SC=N1;F 3
0;1.0;0.0;0.0;-3.1;CHEMBL2104128;CC1=C(CCCCl)SC=N1;F 3
0;1.0;0.0;0.0;-3.1;CHEMBL3306931;[H]OCCC1=C(C)N(C)CS1;F 3
0;1.0;0.0;0.0;-3.1;CHEMBL4553561;[H]OCC1=C(Cl)N=CS1;F 2
0;1.0;0.0;0.0;-3.1;CHEMBL4569677;[H]N([H])(CCOC)CC1=C(C)N=CS1;F 5
1;2.0;2.528;2.966;-3.1;CHEMBL2104128;CC1=C(CCCCl)SC=N1;F 3
1;2.0;3.071;3.824;-3.1;CHEMBL3228122;[H]OCCC1=C(C)N=C(F)S1;F 3
1;2.0;3.702;6.07;-3.1;CHEMBL4569677;[H]N([H])(CCOC)CC1=C(C)N=CS1;F 5
2;3.0;8.495;10.205;-3.1;CHEMBL3236173;CC1=C(CCN=N=N)SC=N1;F 3
3;4.0;3.984;5.662;-3.1;CHEMBL2172682;CC1=C(CCN2C=CN=N2)SC=N1;F 3
4;5.0;5.396;7.482;-3.1;CHEMBL3454460;[H]N(C)(CCC1=C(C)N=CS1)CC1=CC=C(Br)O1;F 5
5;6.0;2.59;7.268;-3.1;CHEMBL4539956;[H]N(CCC1=C(C)N=CS1)C(=O)C(C(C)C)N([H])([H])C;F 6
5;6.0;3.963;5.742;-3.1;CHEMBL4560094;[H]OC(CCSC)C(=O)N([H])CCC1=C(C)N=CS1;F 8
5;6.0;4.687;6.98;-3.1;CHEMBL3475809;[H]OCC1=CC=C(CN([H])(C)CCC2=C(C)N=CS2)O1;F 7
5;6.0;4.851;7.875;-3.1;CHEMBL3454460;[H]N(C)(CCC1=C(C)N=CS1)CC1=CC=C(Br)O1;F 5
6;7.0;3.421;4.857;-3.1;CHEMBL4560094;[H]OC(CCSC)C(=O)N([H])CCC1=C(C)N=CS1;F 8
7;8.0;3.721;8.084;-3.1;CHEMBL1625376;CC1=C(CCOC(=O)C2=CC=C(N(=O)=O)C=C2)SC=N1;F 6
7;8.0;3.988;5.549;-3.1;CHEMBL1617558;CC1=C(CCOC(=O)C2=CC=CC=C2)SC=N1;F 5
7;8.0;5.493;6.682;-3.1;CHEMBL4576460;[H]N(CCC1=C(C)N=CS1)C(=O)C(C(C)(C)C)N([H])([H])[H];F 6
7;8.0;5.75;8.083;-3.1;CHEMBL4570627;CC1=C(CCN(C)C(=O)C2=NON=C2)SC=N1;F 4
8;9.0;2.674;3.451;-3.1;CHEMBL1740596;CC1=C(CCOC(=O)C2=CN=CC=C2)SC=N1;F 5
8;9.0;2.788;3.524;-3.1;CHEMBL1625376;CC1=C(CCOC(=O)C2=CC=C(N(=O)=O)C=C2)SC=N1;F 6
8;9.0;4.421;5.586;-3.1;CHEMBL4516779;[H]OC1=NC=C(C(=O)N(C)CCC2=C(C)N=CS2)N=C1;F 5
0;1.0;0.0;0.0;-3.0;CHEMBL1236482;[H]OCCC1=C(C)N=CS1;F 3
1;2.0;2.294;2.402;-3.0;CHEMBL4553561;[H]OCC1=C(Cl)N=CS1;F 2
2;3.0;3.956;6.292;-3.0;CHEMBL4569677;[H]N([H])(CCOC)CC1=C(C)N=CS1;F 5
2;3.0;5.497;7.636;-3.0;CHEMBL3478212;CCN(CCOC)C(=O)CCC1=C(C)N=CS1;F 7
3;4.0;3.048;3.788;-3.0;CHEMBL3236173;CC1=C(CCN=N=N)SC=N1;F 3
4;5.0;5.265;6.14;-3.0;CHEMBL3228123;[H]OCCC1=C(C(F)(F)F)N=CS1;F 4
4;5.0;5.92;8.066;-3.0;CHEMBL4593083;[H]N(CCCC1=C(C)N=CS1)C(=O)CN([H])C(=O)N(C)C;F 6
5;6.0;6.987;9.278;-3.0;CHEMBL4593083;[H]N(CCCC1=C(C)N=CS1)C(=O)CN([H])C(=O)N(C)C;F 6
6;7.0;4.965;7.928;-3.0;CHEMBL3454460;[H]N(C)(CCC1=C(C)N=CS1)CC1=CC=C(Br)O1;F 5
6;7.0;5.431;6.676;-3.0;CHEMBL4539956;[H]N(CCC1=C(C)N=CS1)C(=O)C(C(C)C)N([H])([H])C;F 6
6;7.0;6.086;9.346;-3.0;CHEMBL4575169;[H]N1C=C(C(=O)N([H])CCCC2=C(C)N=CS2)C=N1;F 5
6;7.0;7.701;9.781;-3.0;CHEMBL4593083;[H]N(CCCC1=C(C)N=CS1)C(=O)CN([H])C(=O)N(C)C;F 6
8;9.0;2.671;4.041;-3.0;CHEMBL1617558;CC1=C(CCOC(=O)C2=CC=CC=C2)SC=N1;F 5
8;9.0;5.575;7.211;-3.0;CHEMBL4570627;CC1=C(CCN(C)C(=O)C2=NON=C2)SC=N1;F 4
0;1.0;0.0;0.0;-2.9;CHEMBL1190174;[H]N([H])([H])CCC1=C(C)N=CS1;F 3
1;2.0;10.517;11.483;-2.9;CHEMBL1236482;[H]OCCC1=C(C)N=CS1;F 3
1;2.0;7.595;8.773;-2.9;CHEMBL3306931;[H]OCCC1=C(C)N(C)CS1;F 3
1;2.0;9.777;10.855;-2.9;CHEMBL2021610;CC1=C(CCON(=O)=O)SC=N1;F 3
2;3.0;5.705;6.925;-2.9;CHEMBL1236482;[H]OCCC1=C(C)N=CS1;F 3
2;3.0;6.95;7.081;-2.9;CHEMBL4553561;[H]OCC1=C(Cl)N=CS1;F 2
2;3.0;7.106;8.398;-2.9;CHEMBL3228122;[H]OCCC1=C(C)N=C(F)S1;F 3
4;5.0;3.777;4.962;-2.9;CHEMBL3478166;[H]N(C)(CCC1=C(C)N=CS1)CC1=C(C)C=CS1;F 5
4;5.0;7.677;10.785;-2.9;CHEMBL1419411;CC1=C(CCOC(=O)C2=CC=C(Cl)C=C2)SC=N1;F 5
5;6.0;3.302;3.833;-2.9;CHEMBL3228123;[H]OCCC1=C(C(F)(F)F)N=CS1;F 4
5;6.0;9.142;10.831;-2.9;CHEMBL365225;[H]OCCC1=C(C(=O)N([H])C2=NC=CS2)N=CS1;F 4
6;7.0;4.264;6.775;-2.9;CHEMBL3475809;[H]OCC1=CC=C(CN([H])(C)CCC2=C(C)N=CS2)O1;F 7
7;8.0;4.387;5.258;-2.9;CHEMBL3475809;[H]OCC1=CC=C(CN([H])(C)CCC2=C(C)N=CS2)O1;F 7
7;8.0;4.422;7.089;-2.9;CHEMBL3483991;[H]N(CC1=CSC(N(C)C)=N1)C(=O)CCC1=C(C)N=CS1;F 5
7;8.0;5.105;7.655;-2.9;CHEMBL4575169;[H]N1C=C(C(=O)N([H])CCCC2=C(C)N=CS2)C=N1;F 5
7;8.0;5.814;7.707;-2.9;CHEMBL3454460;[H]N(C)(CCC1=C(C)N=CS1)CC1=CC=C(Br)O1;F 5
7;8.0;6.17;9.207;-2.9;CHEMBL4593083;[H]N(CCCC1=C(C)N=CS1)C(=O)CN([H])C(=O)N(C)C;F 6
0;1.0;0.0;0.0;-2.8;CHEMBL1402698;CC1=C(C(O)=O)SC=N1;F 1
0;1.0;0.0;0.0;-2.8;CHEMBL3275138;CCC1=C(C)N=CS1;F 1
1;2.0;6.649;7.667;-2.8;CHEMBL1402698;CC1=C(C(O)=O)SC=N1;F 1
2;3.0;2.137;2.624;-2.8;CHEMBL2104128;CC1=C(CCCCl)SC=N1;F 3
2;3.0;9.628;10.968;-2.8;CHEMBL2021610;CC1=C(CCON(=O)=O)SC=N1;F 3
3;4.0;3.225;4.061;-2.8;CHEMBL2021610;CC1=C(CCON(=O)=O)SC=N1;F 3
3;4.0;3.84;5.057;-2.8;CHEMBL4569677;[H]N([H])(CCOC)CC1=C(C)N=CS1;F 5
3;4.0;5.123;6.343;-2.8;CHEMBL1236482;[H]OCCC1=C(C)N=CS1;F 3
3;4.0;8.612;9.124;-2.8;CHEMBL4553561;[H]OCC1=C(Cl)N=CS1;F 2
4;5.0;3.019;5.769;-2.8;CHEMBL2172682;CC1=C(CCN2C=CN=N2)SC=N1;F 3
4;5.0;7.871;8.878;-2.8;CHEMBL2172683;CC1=C(CCN2C=C(C3=CC=CC=C3)N=N2)SC=N1;F 4
6;7.0;2.602;3.082;-2.8;CHEMBL3228123;[H]OCCC1=C(C(F)(F)F)N=CS1;F 4
7;8.0;4.252;6.83;-2.8;CHEMBL4539956;[H]N(CCC1=C(C)N=CS1)C(=O)C(C(C)C)N([H])([H])C;F 6
8;9.0;4.057;6.916;-2.8;CHEMBL3475809;[H]OCC1=CC=C(CN([H])(C)CCC2=C(C)N=CS2)O1;F 7
8;9.0;4.439;7.038;-2.8;CHEMBL4539956;[H]N(CCC1=C(C)N=CS1)C(=O)C(C(C)C)N([H])([H])C;F 6
8;9.0;5.116;7.461;-2.8;CHEMBL4593083;[H]N(CCCC1=C(C)N=CS1)C(=O)CN([H])C(=O)N(C)C;F 6
8;9.0;5.99;7.903;-2.8;CHEMBL3454460;[H]N(C)(CCC1=C(C)N=CS1)CC1=CC=C(Br)O1;F 5
0;1.0;0.0;0.0;-2.7;CHEMBL315795;CC1=C(CCCl)SC=N1;F 2
1;2.0;2.759;3.8;-2.7;CHEMBL315795;CC1=C(CCCl)SC=N1;F 2
1;2.0;6.901;7.489;-2.7;CHEMBL3275138;CCC1=C(C)N=CS1;F 1
2;3.0;2.769;3.201;-2.7;CHEMBL315795;CC1=C(CCCl)SC=N1;F 2
3;4.0;1.779;2.307;-2.7;CHEMBL315795;CC1=C(CCCl)SC=N1;F 2
3;4.0;4.756;7.249;-2.7;CHEMBL4525811;[H]OC1CCC(C(=O)N(C)CCC2=C(C)N=CS2)CC1;F 5
3;4.0;6.899;7.481;-2.7;CHEMBL3228122;[H]OCCC1=C(C)N=C(F)S1;F 3
4;5.0;3.151;3.969;-2.7;CHEMBL2021610;CC1=C(CCON(=O)=O)SC=N1;F 3
4;5.0;4.86;5.694;-2.7;CHEMBL3752078;CCCCCCCOCCC1=C(C)N=CS1;F 9
4;5.0;5.433;6.347;-2.7;CHEMBL3228122;[H]OCCC1=C(C)N=C(F)S1;F 3
4;5.0;6.059;6.826;-2.7;CHEMBL1236482;[H]OCCC1=C(C)N=CS1;F 3
4;5.0;9.495;11.078;-2.7;CHEMBL3236173;CC1=C(CCN=N=N)SC=N1;F 3
5;6.0;2.753;3.843;-2.7;CHEMBL3478166;[H]N(C)(CCC1=C(C)N=CS1)CC1=C(C)C=CS1;F 5
5;6.0;3.546;4.32;-2.7;CHEMBL2021610;CC1=C(CCON(=O)=O)SC=N1;F 3
5;6.0;4.121;5.141;-2.7;CHEMBL2172682;CC1=C(CCN2C=CN=N2)SC=N1;F 3
5;6.0;7.216;10.791;-2.7;CHEMBL1419411;CC1=C(CCOC(=O)C2=CC=C(Cl)C=C2)SC=N1;F 5
6;7.0;3.547;5.704;-2.7;CHEMBL3478166;[H]N(C)(CCC1=C(C)N=CS1)CC1=C(C)C=CS1;F 5
6;7.0;8.324;10.108;-2.7;CHEMBL365225;[H]OCCC1=C(C(=O)N([H])C2=NC=CS2)N=CS1;F 4
7;8.0;3.247;7.96;-2.7;CHEMBL4560094;[H]OC(CCSC)C(=O)N([H])CCC1=C(C)N=CS1;F 8
8;9.0;4.839;8.444;-2.7;CHEMBL3483991;[H]N(CC1=CSC(N(C)C)=N1)C(=O)CCC1=C(C)N=CS1;F 5
8;9.0;5.607;8.33;-2.7;CHEMBL4575169;[H]N1C=C(C(=O)N([H])CCCC2=C(C)N=CS2)C=N1;F 5
8;9.0;5.909;8.617;-2.7;CHEMBL4576460;[H]N(CCC1=C(C)N=CS1)C(=O)C(C(C)(C)C)N([H])([H])[H];F 6
8;9.0;5.941;6.947;-2.7;CHEMBL4560094;[H]OC(CCSC)C(=O)N([H])CCC1=C(C)N=CS1;F 8
2;3.0;1.564;3.061;-2.6;CHEMBL3275138;CCC1=C(C)N=CS1;F 1
4;5.0;2.274;2.654;-2.6;CHEMBL315795;CC1=C(CCCl)SC=N1;F 2
5;6.0;4.513;6.594;-2.6;CHEMBL3752078;CCCCCCCOCCC1=C(C)N=CS1;F 9
5;6.0;7.862;8.79;-2.6;CHEMBL3228122;[H]OCCC1=C(C)N=C(F)S1;F 3
6;7.0;4.136;7.285;-2.6;CHEMBL2172682;CC1=C(CCN2C=CN=N2)SC=N1;F 3
6;7.0;4.672;7.135;-2.6;CHEMBL3752078;CCCCCCCOCCC1=C(C)N=CS1;F 9
6;7.0;6.941;8.003;-2.6;CHEMBL2021610;CC1=C(CCON(=O)=O)SC=N1;F 3
6;7.0;7.292;10.416;-2.6;CHEMBL1419411;CC1=C(CCOC(=O)C2=CC=C(Cl)C=C2)SC=N1;F 5
7;8.0;2.664;3.561;-2.6;CHEMBL3478166;[H]N(C)(CCC1=C(C)N=CS1)CC1=C(C)C=CS1;F 5
7;8.0;6.249;8.62;-2.6;CHEMBL3752078;CCCCCCCOCCC1=C(C)N=CS1;F 9
8;9.0;3.858;5.062;-2.6;CHEMBL4550384;[H]N(CCCC1=C(C)N=CS1)C(=O)C1=NC=CN=C1;F 5
4;5.0;4.547;7.031;-2.5;CHEMBL4569677;[H]N([H])(CCOC)CC1=C(C)N=CS1;F 5
4;5.0;7.974;8.509;-2.5;CHEMBL4553561;[H]OCC1=C(Cl)N=CS1;F 2
5;6.0;2.663;3.426;-2.5;CHEMBL4569677;[H]N([H])(CCOC)CC1=C(C)N=CS1;F 5
5;6.0;9.998;11.358;-2.5;CHEMBL3236173;CC1=C(CCN=N=N)SC=N1;F 3
6;7.0;6.24;7.355;-2.5;CHEMBL3228122;[H]OCCC1=C(C)N=C(F)S1;F 3
7;8.0;3.188;4.674;-2.5;CHEMBL2021610;CC1=C(CCON(=O)=O)SC=N1;F 3
7;8.0;3.794;4.541;-2.5;CHEMBL3228123;[H]OCCC1=C(C(F)(F)F)N=CS1;F 4
8;9.0;2.599;3.581;-2.5;CHEMBL3478166;[H]N(C)(CCC1=C(C)N=CS1)CC1=C(C)C=CS1;F 5
8;9.0;4.691;5.731;-2.5;CHEMBL3752078;CCCCCCCOCCC1=C(C)N=CS1;F 9
8;9.0;5.355;6.242;-2.5;CHEMBL3228123;[H]OCCC1=C(C(F)(F)F)N=CS1;F 4
1;2.0;4.606;5.602;-2.4;CHEMBL1190174;[H]N([H])([H])CCC1=C(C)N=CS1;F 3
2;3.0;1.965;2.273;-2.4;CHEMBL1190174;[H]N([H])([H])CCC1=C(C)N=CS1;F 3
3;4.0;1.925;3.571;-2.4;CHEMBL3275138;CCC1=C(C)N=CS1;F 1
3;4.0;1.994;2.563;-2.4;CHEMBL2104128;CC1=C(CCCCl)SC=N1;F 3
3;4.0;5.758;7.978;-2.4;CHEMBL3478212;CCN(CCOC)C(=O)CCC1=C(C)N=CS1;F 7
4;5.0;2.463;3.071;-2.4;CHEMBL4525811;[H]OC1CCC(C(=O)N(C)CCC2=C(C)N=CS2)CC1;F 5
4;5.0;7.609;8.809;-2.4;CHEMBL3478212;CCN(CCOC)C(=O)CCC1=C(C)N=CS1;F 7
5;6.0;4.741;8.246;-2.4;CHEMBL4525811;[H]OC1CCC(C(=O)N(C)CCC2=C(C)N=CS2)CC1;F 5
5;6.0;5.349;8.118;-2.4;CHEMBL2172683;CC1=C(CCN2C=C(C3=CC=CC=C3)N=N2)SC=N1;F 4
6;7.0;3.651;5.007;-2.4;CHEMBL4525811;[H]OC1CCC(C(=O)N(C)CCC2=C(C)N=CS2)CC1;F 5
7;8.0;5.203;7.133;-2.4;CHEMBL4525811;[H]OC1CCC(C(=O)N(C)CCC2=C(C)N=CS2)CC1;F 5
7;8.0;6.421;7.433;-2.4;CHEMBL3228122;[H]OCCC1=C(C)N=C(F)S1;F 3
8;9.0;5.039;5.843;-2.4;CHEMBL2021610;CC1=C(CCON(=O)=O)SC=N1;F 3
8;9.0;7.751;8.328;-2.4;CHEMBL3228122;[H]OCCC1=C(C)N=C(F)S1;F 3
2;3.0;7.615;8.519;-2.3;CHEMBL3306931;[H]OCCC1=C(C)N(C)CS1;F 3
2;3.0;9.535;10.563;-2.3;CHEMBL1402698;CC1=C(C(O)=O)SC=N1;F 1
3;4.0;7.446;8.604;-2.3;CHEMBL3306931;[H]OCCC1=C(C)N(C)CS1;F 3
5;6.0;6.499;7.992;-2.3;CHEMBL1236482;[H]OCCC1=C(C)N=CS1;F 3
5;6.0;8.26;9.427;-2.3;CHEMBL3478212;CCN(CCOC)C(=O)CCC1=C(C)N=CS1;F 7
6;7.0;4.198;4.939;-2.3;CHEMBL4569677;[H]N([H])(CCOC)CC1=C(C)N=CS1;F 5
6;7.0;5.125;9.085;-2.3;CHEMBL2172683;CC1=C(CCN2C=C(C3=CC=CC=C3)N=N2)SC=N1;F 4
3;4.0;3.115;4.023;-2.2;CHEMBL1190174;[H]N([H])([H])CCC1=C(C)N=CS1;F 3
4;5.0;2.468;2.944;-2.2;CHEMBL3275138;CCC1=C(C)N=CS1;F 1
4;5.0;2.564;3.836;-2.2;CHEMBL1190174;[H]N([H])([H])CCC1=C(C)N=CS1;F 3
4;5.0;3.648;4.825;-2.2;CHEMBL3306931;[H]OCCC1=C(C)N(C)CS1;F 3
5;6.0;1.745;2.634;-2.2;CHEMBL3275138;CCC1=C(C)N=CS1;F 1
5;6.0;2.615;3.024;-2.2;CHEMBL315795;CC1=C(CCCl)SC=N1;F 2
5;6.0;6.756;7.684;-2.2;CHEMBL3306931;[H]OCCC1=C(C)N(C)CS1;F 3
5;6.0;8.302;8.917;-2.2;CHEMBL4553561;[H]OCC1=C(Cl)N=CS1;F 2
6;7.0;3.606;4.372;-2.2;CHEMBL3275138;CCC1=C(C)N=CS1;F 1
6;7.0;4.035;5.129;-2.2;CHEMBL1236482;[H]OCCC1=C(C)N=CS1;F 3
7;8.0;3.793;4.76;-2.2;CHEMBL4569677;[H]N([H])(CCOC)CC1=C(C)N=CS1;F 5
7;8.0;7.315;10.659;-2.2;CHEMBL1419411;CC1=C(CCOC(=O)C2=CC=C(Cl)C=C2)SC=N1;F 5
8;9.0;6.278;7.273;-2.2;CHEMBL4569677;[H]N([H])(CCOC)CC1=C(C)N=CS1;F 5
3;4.0;8.277;9.238;-2.1;CHEMBL1402698;CC1=C(C(O)=O)SC=N1;F 1
4;5.0;10.08;11.066;-2.1;CHEMBL1402698;CC1=C(C(O)=O)SC=N1;F 1
4;5.0;4.699;5.677;-2.1;CHEMBL2104128;CC1=C(CCCCl)SC=N1;F 3
6;7.0;5.776;7.705;-2.1;CHEMBL3306931;[H]OCCC1=C(C)N(C)CS1;F 3
6;7.0;7.672;9.149;-2.1;CHEMBL3478212;CCN(CCOC)C(=O)CCC1=C(C)N=CS1;F 7
6;7.0;8.218;8.769;-2.1;CHEMBL4553561;[H]OCC1=C(Cl)N=CS1;F 2
6;7.0;9.483;10.422;-2.1;CHEMBL3236173;CC1=C(CCN=N=N)SC=N1;F 3
7;8.0;2.39;2.886;-2.1;CHEMBL3275138;CCC1=C(C)N=CS1;F 1
7;8.0;4.201;4.957;-2.1;CHEMBL2172682;CC1=C(CCN2C=CN=N2)SC=N1;F 3
7;8.0;6.716;8.638;-2.1;CHEMBL3306931;[H]OCCC1=C(C)N(C)CS1;F 3
7;8.0;8.264;8.722;-2.1;CHEMBL4553561;[H]OCC1=C(Cl)N=CS1;F 2
8;9.0;4.464;8.275;-2.1;CHEMBL4525811;[H]OC1CCC(C(=O)N(C)CCC2=C(C)N=CS2)CC1;F 5
8;9.0;5.598;6.687;-2.1;CHEMBL3306931;[H]OCCC1=C(C)N(C)CS1;F 3
8;9.0;8.584;9.135;-2.1;CHEMBL4553561;[H]OCC1=C(Cl)N=CS1;F 2
5;6.0;3.753;4.994;-2.0;CHEMBL2104128;CC1=C(CCCCl)SC=N1;F 3
5;6.0;7.904;8.649;-2.0;CHEMBL1402698;CC1=C(C(O)=O)SC=N1;F 1
6;7.0;4.521;5.481;-2.0;CHEMBL2104128;CC1=C(CCCCl)SC=N1;F 3
6;7.0;9.066;10.045;-2.0;CHEMBL1402698;CC1=C(C(O)=O)SC=N1;F 1
7;8.0;6.531;7.487;-2.0;CHEMBL1236482;[H]OCCC1=C(C)N=CS1;F 3
7;8.0;9.79;11.679;-2.0;CHEMBL3236173;CC1=C(CCN=N=N)SC=N1;F 3
8;9.0;2.5;2.959;-2.0;CHEMBL3275138;CCC1=C(C)N=CS1;F 1
8;9.0;3.889;4.662;-2.0;CHEMBL1236482;[H]OCCC1=C(C)N=CS1;F 3
8;9.0;5.554;6.678;-2.0;CHEMBL2172682;CC1=C(CCN2C=CN=N2)SC=N1;F 3
8;9.0;7.791;10.735;-2.0;CHEMBL1419411;CC1=C(CCOC(=O)C2=CC=C(Cl)C=C2)SC=N1;F 5
5;6.0;3.619;4.464;-1.9;CHEMBL1190174;[H]N([H])([H])CCC1=C(C)N=CS1;F 3
7;8.0;3.392;3.968;-1.9;CHEMBL2104128;CC1=C(CCCCl)SC=N1;F 3
7;8.0;6.414;8.624;-1.9;CHEMBL3478212;CCN(CCOC)C(=O)CCC1=C(C)N=CS1;F 7
7;8.0;8.148;9.925;-1.9;CHEMBL365225;[H]OCCC1=C(C(=O)N([H])C2=NC=CS2)N=CS1;F 4
7;8.0;8.614;9.237;-1.9;CHEMBL1402698;CC1=C(C(O)=O)SC=N1;F 1
8;9.0;3.881;4.787;-1.9;CHEMBL2104128;CC1=C(CCCCl)SC=N1;F 3
6;7.0;2.507;3.28;-1.8;CHEMBL1190174;[H]N([H])([H])CCC1=C(C)N=CS1;F 3
6;7.0;3.942;4.708;-1.8;CHEMBL315795;CC1=C(CCCl)SC=N1;F 2
7;8.0;2.453;2.675;-1.8;CHEMBL315795;CC1=C(CCCl)SC=N1;F 2
7;8.0;3.204;3.802;-1.8;CHEMBL1190174;[H]N([H])([H])CCC1=C(C)N=CS1;F 3
8;9.0;12.442;13.03;-1.8;CHEMBL1402698;CC1=C(C(O)=O)SC=N1;F 1
8;9.0;2.591;3.152;-1.8;CHEMBL1190174;[H]N([H])([H])CCC1=C(C)N=CS1;F 3
8;9.0;2.969;3.935;-1.8;CHEMBL315795;CC1=C(CCCl)SC=N1;F 2
8;9.0;3.627;7.132;-1.8;CHEMBL3478212;CCN(CCOC)C(=O)CCC1=C(C)N=CS1;F 7
8;9.0;8.097;9.82;-1.8;CHEMBL365225;[H]OCCC1=C(C(=O)N([H])C2=NC=CS2)N=CS1;F 4
8;9.0;10.912;11.778;-1.5;CHEMBL3236173;CC1=C(CCN=N=N)SC=N1;F 3
